period 0,period 1,period 2,period 3,period 4,period 5,period 6,period 7,period 8,,
,,,,,,,,7829.766547,,S
,,,,,,,,114.1663787,,V
,,,,,,,,0,,delta
,,,,,,,7030.92794,,,
,,,,,,,108.0189686,,,
,,,,,,,0,,,
,,,,,,,,6313.591524,,
,,,,,,,,114.1663787,,
,,,,,,,,0,,
,,,,,,6313.591524,,,,
,,,,,,102.7302732,,,,
,,,,,,0,,,,
,,,,,,,,6313.591524,,
,,,,,,,,114.1663787,,
,,,,,,,,0,,
,,,,,,,5669.441967,,,
,,,,,,,108.0189686,,,
,,,,,,,0,,,
,,,,,,,,5091.012317,,
,,,,,,,,114.1663787,,
,,,,,,,,0,,
,,,,,5669.441967,,,,,
,,,,,98.22952644,,,,,
,,,,,0,,,,,
,,,,,,,,6313.591524,,
,,,,,,,,114.1663787,,
,,,,,,,,0,,
,,,,,,,5669.441967,,,
,,,,,,,108.0189686,,,
,,,,,,,0,,,
,,,,,,,,5091.012317,,
,,,,,,,,114.1663787,,
,,,,,,,,0,,
,,,,,,5091.012317,,,,
,,,,,,102.7302732,,,,
,,,,,,0,,,,
,,,,,,,,5091.012317,,
,,,,,,,,114.1663787,,
,,,,,,,,0,,
,,,,,,,4571.597446,,,
,,,,,,,108.0189686,,,
,,,,,,,0,,,
,,,,,,,,4105.176319,,
,,,,,,,,114.1663787,,
,,,,,,,,0,,
,,,,5091.012317,,,,,,
,,,,94.40758727,,,,,,
,,,,9.34E-06,,,,,,
,,,,,,,,6313.591524,,
,,,,,,,,114.1663787,,
,,,,,,,,0,,
,,,,,,,5669.441967,,,
,,,,,,,108.0189686,,,
,,,,,,,0,,,
,,,,,,,,5091.012317,,
,,,,,,,,114.1663787,,
,,,,,,,,0,,
,,,,,,5091.012317,,,,
,,,,,,102.7302732,,,,
,,,,,,0,,,,
,,,,,,,,5091.012317,,
,,,,,,,,114.1663787,,
,,,,,,,,0,,
,,,,,,,4571.597446,,,
,,,,,,,108.0189686,,,
,,,,,,,0,,,
,,,,,,,,4105.176319,,
,,,,,,,,114.1663787,,
,,,,,,,,0,,
,,,,,4571.597446,,,,,
,,,,,98.21927763,,,,,
,,,,,3.46E-05,,,,,
,,,,,,,,5091.012317,,
,,,,,,,,114.1663787,,
,,,,,,,,0,,
,,,,,,,4571.597446,,,
,,,,,,,108.0189686,,,
,,,,,,,0,,,
,,,,,,,,4105.176319,,
,,,,,,,,114.1663787,,
,,,,,,,,0,,
,,,,,,4105.176319,,,,
,,,,,,102.696182,,,,
,,,,,,0.000140529,,,,
,,,,,,,,4105.176319,,
,,,,,,,,114.1663787,,
,,,,,,,,0,,
,,,,,,,3686.342206,,,
,,,,,,,107.8945646,,,
,,,,,,,0.000628981,,,
,,,,,,,,3310.24,,
,,,,,,,,113.6663787,,
,,,,,,,,0,,
,,,4571.597446,,,,,,,
,,,90.96221019,,,,,,,
,,,0.00012926,,,,,,,
,,,,,,,,6313.591524,,
,,,,,,,,114.1663787,,
,,,,,,,,0,,
,,,,,,,5669.441967,,,
,,,,,,,108.0189686,,,
,,,,,,,0,,,
,,,,,,,,5091.012317,,
,,,,,,,,114.1663787,,
,,,,,,,,0,,
,,,,,,5091.012317,,,,
,,,,,,102.7302732,,,,
,,,,,,0,,,,
,,,,,,,,5091.012317,,
,,,,,,,,114.1663787,,
,,,,,,,,0,,
,,,,,,,4571.597446,,,
,,,,,,,108.0189686,,,
,,,,,,,0,,,
,,,,,,,,4105.176319,,
,,,,,,,,114.1663787,,
,,,,,,,,0,,
,,,,,4571.597446,,,,,
,,,,,98.21927763,,,,,
,,,,,3.46E-05,,,,,
,,,,,,,,5091.012317,,
,,,,,,,,114.1663787,,
,,,,,,,,0,,
,,,,,,,4571.597446,,,
,,,,,,,108.0189686,,,
,,,,,,,0,,,
,,,,,,,,4105.176319,,
,,,,,,,,114.1663787,,
,,,,,,,,0,,
,,,,,,4105.176319,,,,
,,,,,,102.696182,,,,
,,,,,,0.000140529,,,,
,,,,,,,,4105.176319,,
,,,,,,,,114.1663787,,
,,,,,,,,0,,
,,,,,,,3686.342206,,,
,,,,,,,107.8945646,,,
,,,,,,,0.000628981,,,
,,,,,,,,3310.24,,
,,,,,,,,113.6663787,,
,,,,,,,,0,,
,,,,4105.176319,,,,,,
,,,,94.28015856,,,,,,
,,,,0.00041884,,,,,,
,,,,,,,,5091.012317,,
,,,,,,,,114.1663787,,
,,,,,,,,0,,
,,,,,,,4571.597446,,,
,,,,,,,108.0189686,,,
,,,,,,,0,,,
,,,,,,,,4105.176319,,
,,,,,,,,114.1663787,,
,,,,,,,,0,,
,,,,,,4105.176319,,,,
,,,,,,102.696182,,,,
,,,,,,0.000140529,,,,
,,,,,,,,4105.176319,,
,,,,,,,,114.1663787,,
,,,,,,,,0,,
,,,,,,,3686.342206,,,
,,,,,,,107.8945646,,,
,,,,,,,0.000628981,,,
,,,,,,,,3310.24,,
,,,,,,,,113.6663787,,
,,,,,,,,0,,
,,,,,3686.342206,,,,,
,,,,,97.84849734,,,,,
,,,,,0.001457988,,,,,
,,,,,,,,4105.176319,,
,,,,,,,,113.6107179,,
,,,,,,,,0,,
,,,,,,,3686.342206,,,
,,,,,,,107.3688239,,,
,,,,,,,0.000628981,,,
,,,,,,,,3310.24,,
,,,,,,,,113.1107179,,
,,,,,,,,0,,
,,,,,,3310.24,,,,
,,,,,,101.5371743,,,,
,,,,,,0.002938339,,,,
,,,,,,,,3310.24,,
,,,,,,,,111.5253522,,
,,,,,,,,0,,
,,,,,,,2972.509942,,,
,,,,,,,105.2713429,,,
,,,,,,,0.001560055,,,
,,,,,,,,2669.237081,,
,,,,,,,,110.5253522,,
,,,,,,,,0,,
,,4105.176319,,,,,,,,
,,87.32175237,,,,,,,,
,,0.000755083,,,,,,,,
,,,,,,,,6313.591524,,
,,,,,,,,114.1663787,,
,,,,,,,,0,,
,,,,,,,5669.441967,,,
,,,,,,,108.0189686,,,
,,,,,,,0,,,
,,,,,,,,5091.012317,,
,,,,,,,,114.1663787,,
,,,,,,,,0,,
,,,,,,5091.012317,,,,
,,,,,,102.7302732,,,,
,,,,,,0,,,,
,,,,,,,,5091.012317,,
,,,,,,,,114.1663787,,
,,,,,,,,0,,
,,,,,,,4571.597446,,,
,,,,,,,108.0189686,,,
,,,,,,,0,,,
,,,,,,,,4105.176319,,
,,,,,,,,114.1663787,,
,,,,,,,,0,,
,,,,,4571.597446,,,,,
,,,,,98.21927763,,,,,
,,,,,3.46E-05,,,,,
,,,,,,,,5091.012317,,
,,,,,,,,114.1663787,,
,,,,,,,,0,,
,,,,,,,4571.597446,,,
,,,,,,,108.0189686,,,
,,,,,,,0,,,
,,,,,,,,4105.176319,,
,,,,,,,,114.1663787,,
,,,,,,,,0,,
,,,,,,4105.176319,,,,
,,,,,,102.696182,,,,
,,,,,,0.000140529,,,,
,,,,,,,,4105.176319,,
,,,,,,,,114.1663787,,
,,,,,,,,0,,
,,,,,,,3686.342206,,,
,,,,,,,107.8945646,,,
,,,,,,,0.000628981,,,
,,,,,,,,3310.24,,
,,,,,,,,113.6663787,,
,,,,,,,,0,,
,,,,4105.176319,,,,,,
,,,,94.28015856,,,,,,
,,,,0.00041884,,,,,,
,,,,,,,,5091.012317,,
,,,,,,,,114.1663787,,
,,,,,,,,0,,
,,,,,,,4571.597446,,,
,,,,,,,108.0189686,,,
,,,,,,,0,,,
,,,,,,,,4105.176319,,
,,,,,,,,114.1663787,,
,,,,,,,,0,,
,,,,,,4105.176319,,,,
,,,,,,102.696182,,,,
,,,,,,0.000140529,,,,
,,,,,,,,4105.176319,,
,,,,,,,,114.1663787,,
,,,,,,,,0,,
,,,,,,,3686.342206,,,
,,,,,,,107.8945646,,,
,,,,,,,0.000628981,,,
,,,,,,,,3310.24,,
,,,,,,,,113.6663787,,
,,,,,,,,0,,
,,,,,3686.342206,,,,,
,,,,,97.84849734,,,,,
,,,,,0.001457988,,,,,
,,,,,,,,4105.176319,,
,,,,,,,,113.6107179,,
,,,,,,,,0,,
,,,,,,,3686.342206,,,
,,,,,,,107.3688239,,,
,,,,,,,0.000628981,,,
,,,,,,,,3310.24,,
,,,,,,,,113.1107179,,
,,,,,,,,0,,
,,,,,,3310.24,,,,
,,,,,,101.5371743,,,,
,,,,,,0.002938339,,,,
,,,,,,,,3310.24,,
,,,,,,,,111.5253522,,
,,,,,,,,0,,
,,,,,,,2972.509942,,,
,,,,,,,105.2713429,,,
,,,,,,,0.001560055,,,
,,,,,,,,2669.237081,,
,,,,,,,,110.5253522,,
,,,,,,,,0,,
,,,3686.342206,,,,,,,
,,,90.29376905,,,,,,,
,,,0.002174305,,,,,,,
,,,,,,,,5091.012317,,
,,,,,,,,113.5617539,,
,,,,,,,,0,,
,,,,,,,4571.597446,,,
,,,,,,,107.4469005,,,
,,,,,,,0,,,
,,,,,,,,4105.176319,,
,,,,,,,,113.5617539,,
,,,,,,,,0,,
,,,,,,4105.176319,,,,
,,,,,,102.1521228,,,,
,,,,,,0.000140529,,,,
,,,,,,,,4105.176319,,
,,,,,,,,113.5617539,,
,,,,,,,,0,,
,,,,,,,3686.342206,,,
,,,,,,,107.3224964,,,
,,,,,,,0.000628981,,,
,,,,,,,,3310.24,,
,,,,,,,,113.0617539,,
,,,,,,,,0,,
,,,,,3686.342206,,,,,
,,,,,97.32827406,,,,,
,,,,,0.001457988,,,,,
,,,,,,,,4105.176319,,
,,,,,,,,113.0060931,,
,,,,,,,,0,,
,,,,,,,3686.342206,,,
,,,,,,,106.7967558,,,
,,,,,,,0.000628981,,,
,,,,,,,,3310.24,,
,,,,,,,,112.5060931,,
,,,,,,,,0,,
,,,,,,3310.24,,,,
,,,,,,100.993115,,,,
,,,,,,0.002938339,,,,
,,,,,,,,3310.24,,
,,,,,,,,110.9207274,,
,,,,,,,,0,,
,,,,,,,2972.509942,,,
,,,,,,,104.6992748,,,
,,,,,,,0.001560055,,,
,,,,,,,,2669.237081,,
,,,,,,,,109.9207274,,
,,,,,,,,0,,
,,,,3310.24,,,,,,
,,,,92.55172477,,,,,,
,,,,0.00426544,,,,,,
,,,,,,,,4105.176319,,
,,,,,,,,111.2626881,,
,,,,,,,,0,,
,,,,,,,3686.342206,,,
,,,,,,,105.1472262,,,
,,,,,,,0.000628981,,,
,,,,,,,,3310.24,,
,,,,,,,,110.7626881,,
,,,,,,,,0,,
,,,,,,3310.24,,,,
,,,,,,99.42434781,,,,
,,,,,,0.002938339,,,,
,,,,,,,,3310.24,,
,,,,,,,,109.1773224,,
,,,,,,,,0,,
,,,,,,,2972.509942,,,
,,,,,,,103.0497453,,,
,,,,,,,0.001560055,,,
,,,,,,,,2669.237081,,
,,,,,,,,108.1773224,,
,,,,,,,,0,,
,,,,,2972.509942,,,,,
,,,,,94.28346559,,,,,
,,,,,0.004073459,,,,,
,,,,,,,,3310.24,,
,,,,,,,,108.0660007,,
,,,,,,,,0,,
,,,,,,,2972.509942,,,
,,,,,,,101.9982639,,,
,,,,,,,0.001560055,,,
,,,,,,,,2669.237081,,
,,,,,,,,107.0660007,,
,,,,,,,,0,,
,,,,,,2669.237081,,,,
,,,,,,96.81324898,,,,
,,,,,,0.001211503,,,,
,,,,,,,,2669.237081,,
,,,,,,,,107.0660007,,
,,,,,,,,0,,
,,,,,,,2396.905893,,,
,,,,,,,101.300918,,,
,,,,,,,0,,,
,,,,,,,,2152.359526,,
,,,,,,,,107.0660007,,
,,,,,,,,0,,
,3686.342206,,,,,,,,,
,83.10433401,,,,,,,,,
,0.004955764,,,,,,,,,
,,,,,,,,6313.591524,,
,,,,,,,,112.2111345,,
,,,,,,,,0,,
,,,,,,,5669.441967,,,
,,,,,,,106.1690066,,,
,,,,,,,0,,,
,,,,,,,,5091.012317,,
,,,,,,,,112.2111345,,
,,,,,,,,0,,
,,,,,,5091.012317,,,,
,,,,,,100.9708868,,,,
,,,,,,0,,,,
,,,,,,,,5091.012317,,
,,,,,,,,112.2111345,,
,,,,,,,,0,,
,,,,,,,4571.597446,,,
,,,,,,,106.1690066,,,
,,,,,,,0,,,
,,,,,,,,4105.176319,,
,,,,,,,,112.2111345,,
,,,,,,,,0,,
,,,,,4571.597446,,,,,
,,,,,96.53697224,,,,,
,,,,,3.46E-05,,,,,
,,,,,,,,5091.012317,,
,,,,,,,,112.2111345,,
,,,,,,,,0,,
,,,,,,,4571.597446,,,
,,,,,,,106.1690066,,,
,,,,,,,0,,,
,,,,,,,,4105.176319,,
,,,,,,,,112.2111345,,
,,,,,,,,0,,
,,,,,,4105.176319,,,,
,,,,,,100.9367956,,,,
,,,,,,0.000140529,,,,
,,,,,,,,4105.176319,,
,,,,,,,,112.2111345,,
,,,,,,,,0,,
,,,,,,,3686.342206,,,
,,,,,,,106.0446026,,,
,,,,,,,0.000628981,,,
,,,,,,,,3310.24,,
,,,,,,,,111.7111345,,
,,,,,,,,0,,
,,,,4105.176319,,,,,,
,,,,92.66325149,,,,,,
,,,,0.00041884,,,,,,
,,,,,,,,5091.012317,,
,,,,,,,,112.2111345,,
,,,,,,,,0,,
,,,,,,,4571.597446,,,
,,,,,,,106.1690066,,,
,,,,,,,0,,,
,,,,,,,,4105.176319,,
,,,,,,,,112.2111345,,
,,,,,,,,0,,
,,,,,,4105.176319,,,,
,,,,,,100.9367956,,,,
,,,,,,0.000140529,,,,
,,,,,,,,4105.176319,,
,,,,,,,,112.2111345,,
,,,,,,,,0,,
,,,,,,,3686.342206,,,
,,,,,,,106.0446026,,,
,,,,,,,0.000628981,,,
,,,,,,,,3310.24,,
,,,,,,,,111.7111345,,
,,,,,,,,0,,
,,,,,3686.342206,,,,,
,,,,,96.16619195,,,,,
,,,,,0.001457988,,,,,
,,,,,,,,4105.176319,,
,,,,,,,,111.6554736,,
,,,,,,,,0,,
,,,,,,,3686.342206,,,
,,,,,,,105.5188619,,,
,,,,,,,0.000628981,,,
,,,,,,,,3310.24,,
,,,,,,,,111.1554736,,
,,,,,,,,0,,
,,,,,,3310.24,,,,
,,,,,,99.77778786,,,,
,,,,,,0.002938339,,,,
,,,,,,,,3310.24,,
,,,,,,,,109.5701079,,
,,,,,,,,0,,
,,,,,,,2972.509942,,,
,,,,,,,103.4213809,,,
,,,,,,,0.001560055,,,
,,,,,,,,2669.237081,,
,,,,,,,,108.5701079,,
,,,,,,,,0,,
,,,3686.342206,,,,,,,
,,,88.19106289,,,,,,,
,,,0.004182623,,,,,,,
,,,,,,,,5091.012317,,
,,,,,,,,110.3972601,,
,,,,,,,,0,,
,,,,,,,4571.597446,,,
,,,,,,,104.4528022,,,
,,,,,,,0,,,
,,,,,,,,4105.176319,,
,,,,,,,,110.3972601,,
,,,,,,,,0,,
,,,,,,4105.176319,,,,
,,,,,,99.30461795,,,,
,,,,,,0.000140529,,,,
,,,,,,,,4105.176319,,
,,,,,,,,110.3972601,,
,,,,,,,,0,,
,,,,,,,3686.342206,,,
,,,,,,,104.3283982,,,
,,,,,,,0.000628981,,,
,,,,,,,,3310.24,,
,,,,,,,,109.8972601,,
,,,,,,,,0,,
,,,,,3686.342206,,,,,
,,,,,94.19680425,,,,,
,,,,,0.003168241,,,,,
,,,,,,,,4105.176319,,
,,,,,,,,108.7302776,,
,,,,,,,,0,,
,,,,,,,3686.342206,,,
,,,,,,,102.5023681,,,
,,,,,,,0.001886944,,,
,,,,,,,,3310.24,,
,,,,,,,,107.2302776,,
,,,,,,,,0,,
,,,,,,3310.24,,,,
,,,,,,96.78606838,,,,
,,,,,,0.003566691,,,,
,,,,,,,,3310.24,,
,,,,,,,,105.6449119,,
,,,,,,,,0,,
,,,,,,,2972.509942,,,
,,,,,,,99.95634921,,,
,,,,,,,0,,,
,,,,,,,,2669.237081,,
,,,,,,,,105.6449119,,
,,,,,,,,0,,
,,,,3310.24,,,,,,
,,,,89.33833274,,,,,,
,,,,0.005140255,,,,,,
,,,,,,,,4105.176319,,
,,,,,,,,106.9868726,,
,,,,,,,,0,,
,,,,,,,3686.342206,,,
,,,,,,,100.8528386,,,
,,,,,,,0.001886944,,,
,,,,,,,,3310.24,,
,,,,,,,,105.4868726,,
,,,,,,,,0,,
,,,,,,3310.24,,,,
,,,,,,95.21730114,,,,
,,,,,,0.003566691,,,,
,,,,,,,,3310.24,,
,,,,,,,,103.9015069,,
,,,,,,,,0,,
,,,,,,,2972.509942,,,
,,,,,,,98.30681969,,,
,,,,,,,0,,,
,,,,,,,,2669.237081,,
,,,,,,,,103.9015069,,
,,,,,,,,0,,
,,,,,2972.509942,,,,,
,,,,,90.52752439,,,,,
,,,,,0.002689008,,,,,
,,,,,,,,3310.24,,
,,,,,,,,103.9015069,,
,,,,,,,,0,,
,,,,,,,2972.509942,,,
,,,,,,,98.30681969,,,
,,,,,,,0,,,
,,,,,,,,2669.237081,,
,,,,,,,,103.9015069,,
,,,,,,,,0,,
,,,,,,2669.237081,,,,
,,,,,,93.49363892,,,,
,,,,,,0,,,,
,,,,,,,,2669.237081,,
,,,,,,,,103.9015069,,
,,,,,,,,0,,
,,,,,,,2396.905893,,,
,,,,,,,98.30681969,,,
,,,,,,,0,,,
,,,,,,,,2152.359526,,
,,,,,,,,103.9015069,,
,,,,,,,,0,,
,,3310.24,,,,,,,,
,,83.38223554,,,,,,,,
,,0.006292384,,,,,,,,
,,,,,,,,5091.012317,,
,,,,,,,,108.5154858,,
,,,,,,,,0,,
,,,,,,,4571.597446,,,
,,,,,,,102.672354,,,
,,,,,,,0,,,
,,,,,,,,4105.176319,,
,,,,,,,,108.5154858,,
,,,,,,,,0,,
,,,,,,4105.176319,,,,
,,,,,,97.61134197,,,,
,,,,,,0.000140529,,,,
,,,,,,,,4105.176319,,
,,,,,,,,108.5154858,,
,,,,,,,,0,,
,,,,,,,3686.342206,,,
,,,,,,,102.54795,,,
,,,,,,,0.000628981,,,
,,,,,,,,3310.24,,
,,,,,,,,108.0154858,,
,,,,,,,,0,,
,,,,,3686.342206,,,,,
,,,,,92.57771289,,,,,
,,,,,0.003168241,,,,,
,,,,,,,,4105.176319,,
,,,,,,,,106.8485033,,
,,,,,,,,0,,
,,,,,,,3686.342206,,,
,,,,,,,100.7219199,,,
,,,,,,,0.001886944,,,
,,,,,,,,3310.24,,
,,,,,,,,105.3485033,,
,,,,,,,,0,,
,,,,,,3310.24,,,,
,,,,,,95.09279239,,,,
,,,,,,0.003566691,,,,
,,,,,,,,3310.24,,
,,,,,,,,103.7631376,,
,,,,,,,,0,,
,,,,,,,2972.509942,,,
,,,,,,,98.17590105,,,
,,,,,,,0,,,
,,,,,,,,2669.237081,,
,,,,,,,,103.7631376,,
,,,,,,,,0,,
,,,,3310.24,,,,,,
,,,,87.78218229,,,,,,
,,,,0.005140255,,,,,,
,,,,,,,,4105.176319,,
,,,,,,,,105.1050983,,
,,,,,,,,0,,
,,,,,,,3686.342206,,,
,,,,,,,99.07239041,,,
,,,,,,,0.001886944,,,
,,,,,,,,3310.24,,
,,,,,,,,103.6050983,,
,,,,,,,,0,,
,,,,,,3310.24,,,,
,,,,,,93.52402515,,,,
,,,,,,0.003566691,,,,
,,,,,,,,3310.24,,
,,,,,,,,102.0197326,,
,,,,,,,,0,,
,,,,,,,2972.509942,,,
,,,,,,,96.52637153,,,
,,,,,,,0,,,
,,,,,,,,2669.237081,,
,,,,,,,,102.0197326,,
,,,,,,,,0,,
,,,,,2972.509942,,,,,
,,,,,88.90843302,,,,,
,,,,,0.002689008,,,,,
,,,,,,,,3310.24,,
,,,,,,,,102.0197326,,
,,,,,,,,0,,
,,,,,,,2972.509942,,,
,,,,,,,96.52637153,,,
,,,,,,,0,,,
,,,,,,,,2669.237081,,
,,,,,,,,102.0197326,,
,,,,,,,,0,,
,,,,,,2669.237081,,,,
,,,,,,91.80036293,,,,
,,,,,,0,,,,
,,,,,,,,2669.237081,,
,,,,,,,,102.0197326,,
,,,,,,,,0,,
,,,,,,,2396.905893,,,
,,,,,,,96.52637153,,,
,,,,,,,0,,,
,,,,,,,,2152.359526,,
,,,,,,,,102.0197326,,
,,,,,,,,0,,
,,,2972.509942,,,,,,,
,,,83.69935632,,,,,,,
,,,0.004209817,,,,,,,
,,,,,,,,4105.176319,,
,,,,,,,,105.1050983,,
,,,,,,,,0,,
,,,,,,,3686.342206,,,
,,,,,,,99.07239041,,,
,,,,,,,0.001886944,,,
,,,,,,,,3310.24,,
,,,,,,,,103.6050983,,
,,,,,,,,0,,
,,,,,,3310.24,,,,
,,,,,,93.52402515,,,,
,,,,,,0.003566691,,,,
,,,,,,,,3310.24,,
,,,,,,,,102.0197326,,
,,,,,,,,0,,
,,,,,,,2972.509942,,,
,,,,,,,96.52637153,,,
,,,,,,,0,,,
,,,,,,,,2669.237081,,
,,,,,,,,102.0197326,,
,,,,,,,,0,,
,,,,,2972.509942,,,,,
,,,,,88.90843302,,,,,
,,,,,0.002689008,,,,,
,,,,,,,,3310.24,,
,,,,,,,,102.0197326,,
,,,,,,,,0,,
,,,,,,,2972.509942,,,
,,,,,,,96.52637153,,,
,,,,,,,0,,,
,,,,,,,,2669.237081,,
,,,,,,,,102.0197326,,
,,,,,,,,0,,
,,,,,,2669.237081,,,,
,,,,,,91.80036293,,,,
,,,,,,0,,,,
,,,,,,,,2669.237081,,
,,,,,,,,102.0197326,,
,,,,,,,,0,,
,,,,,,,2396.905893,,,
,,,,,,,96.52637153,,,
,,,,,,,0,,,
,,,,,,,,2152.359526,,
,,,,,,,,102.0197326,,
,,,,,,,,0,,
,,,,2669.237081,,,,,,
,,,,85.08367731,,,,,,
,,,,0.001963091,,,,,,
,,,,,,,,3310.24,,
,,,,,,,,102.0197326,,
,,,,,,,,0,,
,,,,,,,2972.509942,,,
,,,,,,,96.52637153,,,
,,,,,,,0,,,
,,,,,,,,2669.237081,,
,,,,,,,,102.0197326,,
,,,,,,,,0,,
,,,,,,2669.237081,,,,
,,,,,,91.80036293,,,,
,,,,,,0,,,,
,,,,,,,,2669.237081,,
,,,,,,,,102.0197326,,
,,,,,,,,0,,
,,,,,,,2396.905893,,,
,,,,,,,96.52637153,,,
,,,,,,,0,,,
,,,,,,,,2152.359526,,
,,,,,,,,102.0197326,,
,,,,,,,,0,,
,,,,,2396.905893,,,,,
,,,,,87.77846973,,,,,
,,,,,0,,,,,
,,,,,,,,2669.237081,,
,,,,,,,,102.0197326,,
,,,,,,,,0,,
,,,,,,,2396.905893,,,
,,,,,,,96.52637153,,,
,,,,,,,0,,,
,,,,,,,,2152.359526,,
,,,,,,,,102.0197326,,
,,,,,,,,0,,
,,,,,,2152.359526,,,,
,,,,,,91.80036293,,,,
,,,,,,0,,,,
,,,,,,,,2152.359526,,
,,,,,,,,102.0197326,,
,,,,,,,,0,,
,,,,,,,1932.763211,,,
,,,,,,,96.52637153,,,
,,,,,,,0,,,
,,,,,,,,1735.571396,,
,,,,,,,,102.0197326,,
,,,,,,,,0,,
3310.24,,,,,,,,,,
79.13640058,,,,,,,,,,
0.007205264,,,,,,,,,,
,,,,,,,,6313.591524,,
,,,,,,,,110.1914019,,
,,,,,,,,0,,
,,,,,,,5669.441967,,,
,,,,,,,104.2580287,,,
,,,,,,,0,,,
,,,,,,,,5091.012317,,
,,,,,,,,110.1914019,,
,,,,,,,,0,,
,,,,,,5091.012317,,,,
,,,,,,99.15347192,,,,
,,,,,,0,,,,
,,,,,,,,5091.012317,,
,,,,,,,,110.1914019,,
,,,,,,,,0,,
,,,,,,,4571.597446,,,
,,,,,,,104.2580287,,,
,,,,,,,0,,,
,,,,,,,,4105.176319,,
,,,,,,,,110.1914019,,
,,,,,,,,0,,
,,,,,4571.597446,,,,,
,,,,,94.79918065,,,,,
,,,,,3.46E-05,,,,,
,,,,,,,,5091.012317,,
,,,,,,,,110.1914019,,
,,,,,,,,0,,
,,,,,,,4571.597446,,,
,,,,,,,104.2580287,,,
,,,,,,,0,,,
,,,,,,,,4105.176319,,
,,,,,,,,110.1914019,,
,,,,,,,,0,,
,,,,,,4105.176319,,,,
,,,,,,99.11938071,,,,
,,,,,,0.000140529,,,,
,,,,,,,,4105.176319,,
,,,,,,,,110.1914019,,
,,,,,,,,0,,
,,,,,,,3686.342206,,,
,,,,,,,104.1336246,,,
,,,,,,,0.000628981,,,
,,,,,,,,3310.24,,
,,,,,,,,109.6914019,,
,,,,,,,,0,,
,,,,4105.176319,,,,,,
,,,,90.9930152,,,,,,
,,,,0.00041884,,,,,,
,,,,,,,,5091.012317,,
,,,,,,,,110.1914019,,
,,,,,,,,0,,
,,,,,,,4571.597446,,,
,,,,,,,104.2580287,,,
,,,,,,,0,,,
,,,,,,,,4105.176319,,
,,,,,,,,110.1914019,,
,,,,,,,,0,,
,,,,,,4105.176319,,,,
,,,,,,99.11938071,,,,
,,,,,,0.000140529,,,,
,,,,,,,,4105.176319,,
,,,,,,,,110.1914019,,
,,,,,,,,0,,
,,,,,,,3686.342206,,,
,,,,,,,104.1336246,,,
,,,,,,,0.000628981,,,
,,,,,,,,3310.24,,
,,,,,,,,109.6914019,,
,,,,,,,,0,,
,,,,,3686.342206,,,,,
,,,,,94.42840035,,,,,
,,,,,0.001457988,,,,,
,,,,,,,,4105.176319,,
,,,,,,,,109.6357411,,
,,,,,,,,0,,
,,,,,,,3686.342206,,,
,,,,,,,103.607884,,,
,,,,,,,0.000628981,,,
,,,,,,,,3310.24,,
,,,,,,,,109.1357411,,
,,,,,,,,0,,
,,,,,,3310.24,,,,
,,,,,,97.96037296,,,,
,,,,,,0.002938339,,,,
,,,,,,,,3310.24,,
,,,,,,,,107.5503754,,
,,,,,,,,0,,
,,,,,,,2972.509942,,,
,,,,,,,101.510403,,,
,,,,,,,0.001560055,,,
,,,,,,,,2669.237081,,
,,,,,,,,106.5503754,,
,,,,,,,,0,,
,,,3686.342206,,,,,,,
,,,86.58101309,,,,,,,
,,,0.004182623,,,,,,,
,,,,,,,,5091.012317,,
,,,,,,,,108.3775275,,
,,,,,,,,0,,
,,,,,,,4571.597446,,,
,,,,,,,102.5418243,,,
,,,,,,,0,,,
,,,,,,,,4105.176319,,
,,,,,,,,108.3775275,,
,,,,,,,,0,,
,,,,,,4105.176319,,,,
,,,,,,97.48720305,,,,
,,,,,,0.000140529,,,,
,,,,,,,,4105.176319,,
,,,,,,,,108.3775275,,
,,,,,,,,0,,
,,,,,,,3686.342206,,,
,,,,,,,102.4174202,,,
,,,,,,,0.000628981,,,
,,,,,,,,3310.24,,
,,,,,,,,107.8775275,,
,,,,,,,,0,,
,,,,,3686.342206,,,,,
,,,,,92.45901266,,,,,
,,,,,0.003168241,,,,,
,,,,,,,,4105.176319,,
,,,,,,,,106.710545,,
,,,,,,,,0,,
,,,,,,,3686.342206,,,
,,,,,,,100.5913902,,,
,,,,,,,0.001886944,,,
,,,,,,,,3310.24,,
,,,,,,,,105.210545,,
,,,,,,,,0,,
,,,,,,3310.24,,,,
,,,,,,94.96865347,,,,
,,,,,,0.003566691,,,,
,,,,,,,,3310.24,,
,,,,,,,,103.6251793,,
,,,,,,,,0,,
,,,,,,,2972.509942,,,
,,,,,,,98.04537129,,,
,,,,,,,0,,,
,,,,,,,,2669.237081,,
,,,,,,,,103.6251793,,
,,,,,,,,0,,
,,,,3310.24,,,,,,
,,,,87.66809644,,,,,,
,,,,0.005140255,,,,,,
,,,,,,,,4105.176319,,
,,,,,,,,104.96714,,
,,,,,,,,0,,
,,,,,,,3686.342206,,,
,,,,,,,98.94186065,,,
,,,,,,,0.001886944,,,
,,,,,,,,3310.24,,
,,,,,,,,103.46714,,
,,,,,,,,0,,
,,,,,,3310.24,,,,
,,,,,,93.39988624,,,,
,,,,,,0.003566691,,,,
,,,,,,,,3310.24,,
,,,,,,,,101.8817743,,
,,,,,,,,0,,
,,,,,,,2972.509942,,,
,,,,,,,96.39584177,,,
,,,,,,,0,,,
,,,,,,,,2669.237081,,
,,,,,,,,101.8817743,,
,,,,,,,,0,,
,,,,,2972.509942,,,,,
,,,,,88.78973279,,,,,
,,,,,0.002689008,,,,,
,,,,,,,,3310.24,,
,,,,,,,,101.8817743,,
,,,,,,,,0,,
,,,,,,,2972.509942,,,
,,,,,,,96.39584177,,,
,,,,,,,0,,,
,,,,,,,,2669.237081,,
,,,,,,,,101.8817743,,
,,,,,,,,0,,
,,,,,,2669.237081,,,,
,,,,,,91.67622401,,,,
,,,,,,0,,,,
,,,,,,,,2669.237081,,
,,,,,,,,101.8817743,,
,,,,,,,,0,,
,,,,,,,2396.905893,,,
,,,,,,,96.39584177,,,
,,,,,,,0,,,
,,,,,,,,2152.359526,,
,,,,,,,,101.8817743,,
,,,,,,,,0,,
,,3310.24,,,,,,,,
,,81.8326847,,,,,,,,
,,0.006292384,,,,,,,,
,,,,,,,,5091.012317,,
,,,,,,,,106.4957532,,
,,,,,,,,0,,
,,,,,,,4571.597446,,,
,,,,,,,100.7613761,,,
,,,,,,,0,,,
,,,,,,,,4105.176319,,
,,,,,,,,106.4957532,,
,,,,,,,,0,,
,,,,,,4105.176319,,,,
,,,,,,95.79392706,,,,
,,,,,,0.000140529,,,,
,,,,,,,,4105.176319,,
,,,,,,,,106.4957532,,
,,,,,,,,0,,
,,,,,,,3686.342206,,,
,,,,,,,100.6369721,,,
,,,,,,,0.000628981,,,
,,,,,,,,3310.24,,
,,,,,,,,105.9957532,,
,,,,,,,,0,,
,,,,,3686.342206,,,,,
,,,,,90.83992129,,,,,
,,,,,0.003168241,,,,,
,,,,,,,,4105.176319,,
,,,,,,,,104.8287707,,
,,,,,,,,0,,
,,,,,,,3686.342206,,,
,,,,,,,98.81094201,,,
,,,,,,,0.001886944,,,
,,,,,,,,3310.24,,
,,,,,,,,103.3287707,,
,,,,,,,,0,,
,,,,,,3310.24,,,,
,,,,,,93.27537748,,,,
,,,,,,0.003566691,,,,
,,,,,,,,3310.24,,
,,,,,,,,101.743405,,
,,,,,,,,0,,
,,,,,,,2972.509942,,,
,,,,,,,96.26492313,,,
,,,,,,,0,,,
,,,,,,,,2669.237081,,
,,,,,,,,101.743405,,
,,,,,,,,0,,
,,,,3310.24,,,,,,
,,,,86.111946,,,,,,
,,,,0.005140255,,,,,,
,,,,,,,,4105.176319,,
,,,,,,,,103.0853657,,
,,,,,,,,0,,
,,,,,,,3686.342206,,,
,,,,,,,97.16141249,,,
,,,,,,,0.001886944,,,
,,,,,,,,3310.24,,
,,,,,,,,101.5853657,,
,,,,,,,,0,,
,,,,,,3310.24,,,,
,,,,,,91.70661025,,,,
,,,,,,0.003566691,,,,
,,,,,,,,3310.24,,
,,,,,,,,100,,
,,,,,,,,0,,
,,,,,,,2972.509942,,,
,,,,,,,94.61539361,,,
,,,,,,,0,,,
,,,,,,,,2669.237081,,
,,,,,,,,100,,
,,,,,,,,0,,
,,,,,2972.509942,,,,,
,,,,,87.17064143,,,,,
,,,,,0.002689008,,,,,
,,,,,,,,3310.24,,
,,,,,,,,100,,
,,,,,,,,0,,
,,,,,,,2972.509942,,,
,,,,,,,94.61539361,,,
,,,,,,,0,,,
,,,,,,,,2669.237081,,
,,,,,,,,100,,
,,,,,,,,0,,
,,,,,,2669.237081,,,,
,,,,,,89.98294802,,,,
,,,,,,0,,,,
,,,,,,,,2669.237081,,
,,,,,,,,100,,
,,,,,,,,0,,
,,,,,,,2396.905893,,,
,,,,,,,94.61539361,,,
,,,,,,,0,,,
,,,,,,,,2152.359526,,
,,,,,,,,100,,
,,,,,,,,0,,
,,,2972.509942,,,,,,,
,,,82.08930652,,,,,,,
,,,0.004209817,,,,,,,
,,,,,,,,4105.176319,,
,,,,,,,,103.0853657,,
,,,,,,,,0,,
,,,,,,,3686.342206,,,
,,,,,,,97.16141249,,,
,,,,,,,0.001886944,,,
,,,,,,,,3310.24,,
,,,,,,,,101.5853657,,
,,,,,,,,0,,
,,,,,,3310.24,,,,
,,,,,,91.70661025,,,,
,,,,,,0.003566691,,,,
,,,,,,,,3310.24,,
,,,,,,,,100,,
,,,,,,,,0,,
,,,,,,,2972.509942,,,
,,,,,,,94.61539361,,,
,,,,,,,0,,,
,,,,,,,,2669.237081,,
,,,,,,,,100,,
,,,,,,,,0,,
,,,,,2972.509942,,,,,
,,,,,87.17064143,,,,,
,,,,,0.002689008,,,,,
,,,,,,,,3310.24,,
,,,,,,,,100,,
,,,,,,,,0,,
,,,,,,,2972.509942,,,
,,,,,,,94.61539361,,,
,,,,,,,0,,,
,,,,,,,,2669.237081,,
,,,,,,,,100,,
,,,,,,,,0,,
,,,,,,2669.237081,,,,
,,,,,,89.98294802,,,,
,,,,,,0,,,,
,,,,,,,,2669.237081,,
,,,,,,,,100,,
,,,,,,,,0,,
,,,,,,,2396.905893,,,
,,,,,,,94.61539361,,,
,,,,,,,0,,,
,,,,,,,,2152.359526,,
,,,,,,,,100,,
,,,,,,,,0,,
,,,,2669.237081,,,,,,
,,,,83.41344102,,,,,,
,,,,0.001963091,,,,,,
,,,,,,,,3310.24,,
,,,,,,,,100,,
,,,,,,,,0,,
,,,,,,,2972.509942,,,
,,,,,,,94.61539361,,,
,,,,,,,0,,,
,,,,,,,,2669.237081,,
,,,,,,,,100,,
,,,,,,,,0,,
,,,,,,2669.237081,,,,
,,,,,,89.98294802,,,,
,,,,,,0,,,,
,,,,,,,,2669.237081,,
,,,,,,,,100,,
,,,,,,,,0,,
,,,,,,,2396.905893,,,
,,,,,,,94.61539361,,,
,,,,,,,0,,,
,,,,,,,,2152.359526,,
,,,,,,,,100,,
,,,,,,,,0,,
,,,,,2396.905893,,,,,
,,,,,86.04067813,,,,,
,,,,,0,,,,,
,,,,,,,,2669.237081,,
,,,,,,,,100,,
,,,,,,,,0,,
,,,,,,,2396.905893,,,
,,,,,,,94.61539361,,,
,,,,,,,0,,,
,,,,,,,,2152.359526,,
,,,,,,,,100,,
,,,,,,,,0,,
,,,,,,2152.359526,,,,
,,,,,,89.98294802,,,,
,,,,,,0,,,,
,,,,,,,,2152.359526,,
,,,,,,,,100,,
,,,,,,,,0,,
,,,,,,,1932.763211,,,
,,,,,,,94.61539361,,,
,,,,,,,0,,,
,,,,,,,,1735.571396,,
,,,,,,,,100,,
,,,,,,,,0,,
,2972.509942,,,,,,,,,
,77.96098398,,,,,,,,,
,0.005411893,,,,,,,,,
,,,,,,,,5091.012317,,
,,,,,,,,106.4957532,,
,,,,,,,,0,,
,,,,,,,4571.597446,,,
,,,,,,,100.7613761,,,
,,,,,,,0,,,
,,,,,,,,4105.176319,,
,,,,,,,,106.4957532,,
,,,,,,,,0,,
,,,,,,4105.176319,,,,
,,,,,,95.79392706,,,,
,,,,,,0.000140529,,,,
,,,,,,,,4105.176319,,
,,,,,,,,106.4957532,,
,,,,,,,,0,,
,,,,,,,3686.342206,,,
,,,,,,,100.6369721,,,
,,,,,,,0.000628981,,,
,,,,,,,,3310.24,,
,,,,,,,,105.9957532,,
,,,,,,,,0,,
,,,,,3686.342206,,,,,
,,,,,90.83992129,,,,,
,,,,,0.003168241,,,,,
,,,,,,,,4105.176319,,
,,,,,,,,104.8287707,,
,,,,,,,,0,,
,,,,,,,3686.342206,,,
,,,,,,,98.81094201,,,
,,,,,,,0.001886944,,,
,,,,,,,,3310.24,,
,,,,,,,,103.3287707,,
,,,,,,,,0,,
,,,,,,3310.24,,,,
,,,,,,93.27537748,,,,
,,,,,,0.003566691,,,,
,,,,,,,,3310.24,,
,,,,,,,,101.743405,,
,,,,,,,,0,,
,,,,,,,2972.509942,,,
,,,,,,,96.26492313,,,
,,,,,,,0,,,
,,,,,,,,2669.237081,,
,,,,,,,,101.743405,,
,,,,,,,,0,,
,,,,3310.24,,,,,,
,,,,86.111946,,,,,,
,,,,0.005140255,,,,,,
,,,,,,,,4105.176319,,
,,,,,,,,103.0853657,,
,,,,,,,,0,,
,,,,,,,3686.342206,,,
,,,,,,,97.16141249,,,
,,,,,,,0.001886944,,,
,,,,,,,,3310.24,,
,,,,,,,,101.5853657,,
,,,,,,,,0,,
,,,,,,3310.24,,,,
,,,,,,91.70661025,,,,
,,,,,,0.003566691,,,,
,,,,,,,,3310.24,,
,,,,,,,,100,,
,,,,,,,,0,,
,,,,,,,2972.509942,,,
,,,,,,,94.61539361,,,
,,,,,,,0,,,
,,,,,,,,2669.237081,,
,,,,,,,,100,,
,,,,,,,,0,,
,,,,,2972.509942,,,,,
,,,,,87.17064143,,,,,
,,,,,0.002689008,,,,,
,,,,,,,,3310.24,,
,,,,,,,,100,,
,,,,,,,,0,,
,,,,,,,2972.509942,,,
,,,,,,,94.61539361,,,
,,,,,,,0,,,
,,,,,,,,2669.237081,,
,,,,,,,,100,,
,,,,,,,,0,,
,,,,,,2669.237081,,,,
,,,,,,89.98294802,,,,
,,,,,,0,,,,
,,,,,,,,2669.237081,,
,,,,,,,,100,,
,,,,,,,,0,,
,,,,,,,2396.905893,,,
,,,,,,,94.61539361,,,
,,,,,,,0,,,
,,,,,,,,2152.359526,,
,,,,,,,,100,,
,,,,,,,,0,,
,,,2972.509942,,,,,,,
,,,82.08930652,,,,,,,
,,,0.004209817,,,,,,,
,,,,,,,,4105.176319,,
,,,,,,,,103.0853657,,
,,,,,,,,0,,
,,,,,,,3686.342206,,,
,,,,,,,97.16141249,,,
,,,,,,,0.001886944,,,
,,,,,,,,3310.24,,
,,,,,,,,101.5853657,,
,,,,,,,,0,,
,,,,,,3310.24,,,,
,,,,,,91.70661025,,,,
,,,,,,0.003566691,,,,
,,,,,,,,3310.24,,
,,,,,,,,100,,
,,,,,,,,0,,
,,,,,,,2972.509942,,,
,,,,,,,94.61539361,,,
,,,,,,,0,,,
,,,,,,,,2669.237081,,
,,,,,,,,100,,
,,,,,,,,0,,
,,,,,2972.509942,,,,,
,,,,,87.17064143,,,,,
,,,,,0.002689008,,,,,
,,,,,,,,3310.24,,
,,,,,,,,100,,
,,,,,,,,0,,
,,,,,,,2972.509942,,,
,,,,,,,94.61539361,,,
,,,,,,,0,,,
,,,,,,,,2669.237081,,
,,,,,,,,100,,
,,,,,,,,0,,
,,,,,,2669.237081,,,,
,,,,,,89.98294802,,,,
,,,,,,0,,,,
,,,,,,,,2669.237081,,
,,,,,,,,100,,
,,,,,,,,0,,
,,,,,,,2396.905893,,,
,,,,,,,94.61539361,,,
,,,,,,,0,,,
,,,,,,,,2152.359526,,
,,,,,,,,100,,
,,,,,,,,0,,
,,,,2669.237081,,,,,,
,,,,83.41344102,,,,,,
,,,,0.001963091,,,,,,
,,,,,,,,3310.24,,
,,,,,,,,100,,
,,,,,,,,0,,
,,,,,,,2972.509942,,,
,,,,,,,94.61539361,,,
,,,,,,,0,,,
,,,,,,,,2669.237081,,
,,,,,,,,100,,
,,,,,,,,0,,
,,,,,,2669.237081,,,,
,,,,,,89.98294802,,,,
,,,,,,0,,,,
,,,,,,,,2669.237081,,
,,,,,,,,100,,
,,,,,,,,0,,
,,,,,,,2396.905893,,,
,,,,,,,94.61539361,,,
,,,,,,,0,,,
,,,,,,,,2152.359526,,
,,,,,,,,100,,
,,,,,,,,0,,
,,,,,2396.905893,,,,,
,,,,,86.04067813,,,,,
,,,,,0,,,,,
,,,,,,,,2669.237081,,
,,,,,,,,100,,
,,,,,,,,0,,
,,,,,,,2396.905893,,,
,,,,,,,94.61539361,,,
,,,,,,,0,,,
,,,,,,,,2152.359526,,
,,,,,,,,100,,
,,,,,,,,0,,
,,,,,,2152.359526,,,,
,,,,,,89.98294802,,,,
,,,,,,0,,,,
,,,,,,,,2152.359526,,
,,,,,,,,100,,
,,,,,,,,0,,
,,,,,,,1932.763211,,,
,,,,,,,94.61539361,,,
,,,,,,,0,,,
,,,,,,,,1735.571396,,
,,,,,,,,100,,
,,,,,,,,0,,
,,2669.237081,,,,,,,,
,,78.36364523,,,,,,,,
,,0.003346347,,,,,,,,
,,,,,,,,4105.176319,,
,,,,,,,,103.0853657,,
,,,,,,,,0,,
,,,,,,,3686.342206,,,
,,,,,,,97.16141249,,,
,,,,,,,0.001886944,,,
,,,,,,,,3310.24,,
,,,,,,,,101.5853657,,
,,,,,,,,0,,
,,,,,,3310.24,,,,
,,,,,,91.70661025,,,,
,,,,,,0.003566691,,,,
,,,,,,,,3310.24,,
,,,,,,,,100,,
,,,,,,,,0,,
,,,,,,,2972.509942,,,
,,,,,,,94.61539361,,,
,,,,,,,0,,,
,,,,,,,,2669.237081,,
,,,,,,,,100,,
,,,,,,,,0,,
,,,,,2972.509942,,,,,
,,,,,87.17064143,,,,,
,,,,,0.002689008,,,,,
,,,,,,,,3310.24,,
,,,,,,,,100,,
,,,,,,,,0,,
,,,,,,,2972.509942,,,
,,,,,,,94.61539361,,,
,,,,,,,0,,,
,,,,,,,,2669.237081,,
,,,,,,,,100,,
,,,,,,,,0,,
,,,,,,2669.237081,,,,
,,,,,,89.98294802,,,,
,,,,,,0,,,,
,,,,,,,,2669.237081,,
,,,,,,,,100,,
,,,,,,,,0,,
,,,,,,,2396.905893,,,
,,,,,,,94.61539361,,,
,,,,,,,0,,,
,,,,,,,,2152.359526,,
,,,,,,,,100,,
,,,,,,,,0,,
,,,,2669.237081,,,,,,
,,,,83.41344102,,,,,,
,,,,0.001963091,,,,,,
,,,,,,,,3310.24,,
,,,,,,,,100,,
,,,,,,,,0,,
,,,,,,,2972.509942,,,
,,,,,,,94.61539361,,,
,,,,,,,0,,,
,,,,,,,,2669.237081,,
,,,,,,,,100,,
,,,,,,,,0,,
,,,,,,2669.237081,,,,
,,,,,,89.98294802,,,,
,,,,,,0,,,,
,,,,,,,,2669.237081,,
,,,,,,,,100,,
,,,,,,,,0,,
,,,,,,,2396.905893,,,
,,,,,,,94.61539361,,,
,,,,,,,0,,,
,,,,,,,,2152.359526,,
,,,,,,,,100,,
,,,,,,,,0,,
,,,,,2396.905893,,,,,
,,,,,86.04067813,,,,,
,,,,,0,,,,,
,,,,,,,,2669.237081,,
,,,,,,,,100,,
,,,,,,,,0,,
,,,,,,,2396.905893,,,
,,,,,,,94.61539361,,,
,,,,,,,0,,,
,,,,,,,,2152.359526,,
,,,,,,,,100,,
,,,,,,,,0,,
,,,,,,2152.359526,,,,
,,,,,,89.98294802,,,,
,,,,,,0,,,,
,,,,,,,,2152.359526,,
,,,,,,,,100,,
,,,,,,,,0,,
,,,,,,,1932.763211,,,
,,,,,,,94.61539361,,,
,,,,,,,0,,,
,,,,,,,,1735.571396,,
,,,,,,,,100,,
,,,,,,,,0,,
,,,2396.905893,,,,,,,
,,,80.16313592,,,,,,,
,,,0.001388197,,,,,,,
,,,,,,,,3310.24,,
,,,,,,,,100,,
,,,,,,,,0,,
,,,,,,,2972.509942,,,
,,,,,,,94.61539361,,,
,,,,,,,0,,,
,,,,,,,,2669.237081,,
,,,,,,,,100,,
,,,,,,,,0,,
,,,,,,2669.237081,,,,
,,,,,,89.98294802,,,,
,,,,,,0,,,,
,,,,,,,,2669.237081,,
,,,,,,,,100,,
,,,,,,,,0,,
,,,,,,,2396.905893,,,
,,,,,,,94.61539361,,,
,,,,,,,0,,,
,,,,,,,,2152.359526,,
,,,,,,,,100,,
,,,,,,,,0,,
,,,,,2396.905893,,,,,
,,,,,86.04067813,,,,,
,,,,,0,,,,,
,,,,,,,,2669.237081,,
,,,,,,,,100,,
,,,,,,,,0,,
,,,,,,,2396.905893,,,
,,,,,,,94.61539361,,,
,,,,,,,0,,,
,,,,,,,,2152.359526,,
,,,,,,,,100,,
,,,,,,,,0,,
,,,,,,2152.359526,,,,
,,,,,,89.98294802,,,,
,,,,,,0,,,,
,,,,,,,,2152.359526,,
,,,,,,,,100,,
,,,,,,,,0,,
,,,,,,,1932.763211,,,
,,,,,,,94.61539361,,,
,,,,,,,0,,,
,,,,,,,,1735.571396,,
,,,,,,,,100,,
,,,,,,,,0,,
,,,,2152.359526,,,,,,
,,,,82.69591339,,,,,,
,,,,0,,,,,,
,,,,,,,,2669.237081,,
,,,,,,,,100,,
,,,,,,,,0,,
,,,,,,,2396.905893,,,
,,,,,,,94.61539361,,,
,,,,,,,0,,,
,,,,,,,,2152.359526,,
,,,,,,,,100,,
,,,,,,,,0,,
,,,,,,2152.359526,,,,
,,,,,,89.98294802,,,,
,,,,,,0,,,,
,,,,,,,,2152.359526,,
,,,,,,,,100,,
,,,,,,,,0,,
,,,,,,,1932.763211,,,
,,,,,,,94.61539361,,,
,,,,,,,0,,,
,,,,,,,,1735.571396,,
,,,,,,,,100,,
,,,,,,,,0,,
,,,,,1932.763211,,,,,
,,,,,86.04067813,,,,,
,,,,,0,,,,,
,,,,,,,,2152.359526,,
,,,,,,,,100,,
,,,,,,,,0,,
,,,,,,,1932.763211,,,
,,,,,,,94.61539361,,,
,,,,,,,0,,,
,,,,,,,,1735.571396,,
,,,,,,,,100,,
,,,,,,,,0,,
,,,,,,1735.571396,,,,
,,,,,,89.98294802,,,,
,,,,,,0,,,,
,,,,,,,,1735.571396,,
,,,,,,,,100,,
,,,,,,,,0,,
,,,,,,,1558.498245,,,
,,,,,,,94.61539361,,,
,,,,,,,0,,,
,,,,,,,,1399.491133,,
,,,,,,,,100,,
,,,,,,,,0,,
